author,reputation
BBSysDyn,
yuritsuki,
Pratik Deoghare,
Martin Brandenburg,
Jamie Banks,
Chani,8089
VividD,
Martin Ender,6090
Christopher,159
Willie Wong,
Laila Podlesny,1
egarcia,5837
FUZxxl,9499
Alexander Gruber,
Sachin Kainth,6643
a_hardin,5491
wickedchicken,4761
backus,4793
kjo,
haugsire,3449
Dilawar,6353
sonicboom,
Low Scores,4585
Stas,4049
Ryan,1721
Simon Nickerson,5791
lily,4445
Eckhard,7735
Martin Ueding,4703
Qiaochu Yuan,
user3002473,9245
Hans Parshall,6506
Eli Rose,8381
Chris Janjigian,9678
littleO,
Steven-Owen,5726
nikkita,2729
idonno,4033
Justin L.,
Jeroen,2599
eater,3153
user535429,2167
Shubham,2533
Karl,4763
David Starkey,2393
Asaf Karagila,
math110,
juantheron,
Eric Naslund,
Claude Leibovici,
Faqa,2791
dwymark,2791
Bryan Glazer,3134
user 1591719,
Phonon,4132
Jack D&#39;Aurizio,
Bora M. Alper,2233
user34790,4412
leo,
WWright,5670
Franklin Pezzuti Dyer,
Anton Geraschenko,4870
Mohan,
Sid,4422
Dan Brumleve,
Argon,
JDH,
JohnK,6796
Michael Albanese,
Trogdor,
Aurelius,2881
Burak,3836
Harddaysknight,2451
Shaun,
user192837,2451
Pacerier,3459
Tomek Tarczynski,3194
asmeurer,9982
Confused,2369
t.b.,
Nicky Hekster,
AlanSTACK,4185
Freewind,2535
David G,4337
Aces12345,2309
ASKASK,9221
Dominik,
Larry Wang,9833
David Bevan,5891
Kevin Buzzard,4908
Jichao,8182
Jesse Madnick,
Zed,2241
Benji,6120
FireGarden,6031
Laurence,1493
Void Star,2665
layman,1887
JessicaK,8007
user107952,
user541686,
Thomas Ayoub,1645
The Chaz 2.0,
Eric O. Korman,
Parakee,3474
MR_BD,6307
Simon Parker,4421
Carl Mummert,
crasic,5139
Quixotic,
Dal,8582
Fixee,
Jill Clover,4907
GPerez,6936
pseudosudo,2311
polfosol,9923
Allain Lalonde,2147
Wilhelm,2213
user1084113,2178
Kasper,
Sangchul Lee,
Moos Hueting,2187
admchrch,2932
daniel,
user1411893,2173
Happy Mittal,3307
Ramon,1959
Andrew Cheong,2525
Fernando Martin,6027
user58273,2037
jamaicanworm,4694
hari_sree,2171
Vlad,6938
user265554,2933
hattenn,2287
bryn,
Noldorin,6788
Eins Null,2287
Elchanan Solomon,
Spyam,4525
Kerry,1869
pbrooks,1953
Jing,2547
cobbal,2135
Ron Gordon,
Shobhit Bhatnagar,
Benjamin,2914
goblin GONE,
Baju,1923
Brian Rothstein,1923
friedo,2873
danodare,1925
MJD,
Vladimir Reshetnikov,
Dean,1941
Yly,
jjepsuomi,8979
John Gietzen,3621
Myshkin,
user8465,1823
Akhil Mathew,
hesson,2154
Dejan Govc,
user84673,2057
Gamma Function,5752
Travis,3604
Jeremy,1591
Aspirin,5889
Robert Z,
Emi Matro,5103
Kevin,423
Shaurya Gupta,4449
Makoto Kato,
Dubious,
koletenbert,4150
Tavian Barnes,1799
kiss my armpit,3963
Julien__,2485
tel,1913
Zim,4623
topspin1617,1693
Misha Lavrov,
Martin Hurtado,1843
f20k,1753
Calvin Froedge,1861
6609081,1745
gregmacfarlane,1839
M. Winter,
000,5808
Sputnik,3887
onimoni,6706
Dan Rust,
Carlos Toscano-Ochoa,2643
Stella Biderman,
vonjd,9040
T. Webster,3122
user7530,
BlueRaja - Danny Pflughoeft,8584
Tdonut,4046
Ian Mateus,7561
Seamus,4205
Nathan Osman,1933
yoyostein,
Yongkai,1809
Sev,2151
Tyler,3147
Saturn,7351
CommonToad,1605
eChung00,3153
Stefan,7185
Sid Caroline,3829
Asinom&#225;s,
Richard G ,4033
Matt,7608
user140943,2121
Zach Conn,5213
Gold,
Comic Book Guy,5898
LiziPizi,2905
Soham,1573
fiftyeight,2757
IBS,4335
voithos,1793
SDiv,2610
user1736,8993
Martin Thoma,
Jim,1251
Alice,1347
Koushik,4832
ocodo,1785
Peter,
jaynp,2241
Mike Spivey,
Sigur,6620
Eric Wofsey,
zerosofthezeta,5710
Mr Pie,9726
Venge,1621
Potato,
Yuval Filmus,
Chibueze Opata,1565
Ed Pegg,
b1_,1593
Hyperbola,2485
Ashley Schroder,1537
Anonymous,2536
Jos&#233; Carlos Santos,
Bober02,2604
Uticensis,3381
diimension,3570
Alex Basson,4331
Exodd,
HPS,4706
Harry Altman,4993
bobobobo,9782
Michiel Van Couwenberghe,2847
larry,1529
Macha,1563
Ethan,1489
Ali,1791
eternalmatt,1535
Adnan Ali,1543
Bhargav,3007
Paul R,2413
Srivatsan,
AKM,1461
roxrook,
O.O,1571
Vicfred,2957
Tomas Jorovic,4053
GOTO 0,2042
Corey L.,1359
Aaron,1379
terrace,2087
Damian Reding,8894
Timo Willemsen,1657
danielsyn,1575
Nick T,1803
msh210,3948
Ashley Montanaro,1437
Jon Ericson,1449
John Hoffman,2774
lab bhattacharjee,
user41451,1415
cowik,1353
lsr314,
Julian Kuelshammer,9750
Jonas Kibelbek,7380
HN_NH,4511
Milo Brandt,
Elias Costa,
Robert L. Read,1217
Yuriy S,
Damien,1
AgCl,6532
thecat,1878
users31526,2077
Suzu Hirose,
Pops,1405
MathematicalOrchid,6365
dreamwalker,1415
Joonas Ilmavirta,
Starkers,1247
beep-boop,
187239,1335
Alex Lapanowski,3126
Hui Yu,
Zhen Lin,
Nick Alger,
bolbteppa,4589
Billy Thompson,1900
NebulousReveal,1
Praise Existence,1485
yiyi,7458
user2171775,1393
Martin Gales,7927
TSGM,1263
anon,
marty cohen,
Pedro,
zephyr,1069
Chris Taylor,
user122358,2832
Norbert,
Tomas Wolf,1371
Reinstate Monica,5357
barfoon,1469
Paul VanKoughnett,5592
August,3633
Vincent Tjeng,3324
Judy,1331
leava_sinus,1333
user957,3457
termsofservice,1059
doc,1317
1729,2205
mvar2011,1371
CODE,5119
Shubh Khandelwal,1275
Shuheng Zheng,977
bluebellae,1643
QETU,1209
The Gilbert Arenas Dagger,1205
gary,1201
Rob Audenaerde,1245
Michael Hardy,1
NotSuper,1883
Aleksei Averchenko,7627
levesque,1469
Kun,2546
A. Thomas Yerger,
user287424,1309
VF1,2063
Lincoln Blackham,1191
Leonardo Massai,1943
ArtW,3582
Eugene,7802
010110111,2211
EVK,1339
iadvd,8961
LeafGlowPath,7681
Ř&#237;d&#237;c&#237;,3268
barak manos,
Jeff,1731
user1337,
Br09,2300
Kevin Ventullo,3812
Matta,1698
User1,1941
Beneschan,1103
A. Singh,29
Santosh Kumar Dwivedi,1
am567,353
Wisam,1
Magical Briefcase,1
MushroomTea,381
Leo,1
sar 4455,1
Crispy Turlington,1
Lục Trường Ph&#225;t,1005
Radhika Jain,1
matthew,91
Delong,2017
frogorian-chant,802
youthdoo,3663
Lamaan Ball,1
Lost_December,65
The Surgeon of Death,560
peek-a-boo,
Yanis Grace,11
Erel Segal-Halevi,
PunySoloist,459
mattematician ,486
netanel shteren,11
Nameless,79
user1627420,93
Gateau au fromage,1282
krishnakavin007,1
NamelyOrange,1
The Goose,21
Tri_Hai05,11
trivial zero,1
Bernhard Boehmler,421
Virender Bhardwaj,133
Sciencemaster,117
maggotmeat,13
Eli Ruminer,1
Hugh Mann,51
PNW Mathematician,21
Faoler,2558
Syobon1,119
maxematician,1487
emily,1
linkhyrule5,342
Integrand,8068
Saurav Kumar Roy,33
ENUM,1
okabe rintarou,915
ash0601,1
Man-I-Fold,55
nahte403,178
Ray,23
ethann007,9
Ben Steffan,8283
Bob Dobbs,
Arvind Arvind,1
Samarth,718
Gomes93,2339
Everett,123
Jade Vanadium,4976
Core Silverman,249
XYX,111
Clemens Bartholdy,
Nate,169
EmmanuelMess,111
kiyoshi_akira,49
user1153980,1188
mathuser1234,25
Lalbahadur Sahu,323
Max Zhou,129
user1540346,117
Duy Khang Nguyễn L&#234;,1
Sam,5418
Mayukh sarkar,1
G&#233;rard Lang,101
Euass,81
Nguyen Duc Hieu,1
Boatswain,41
jlah1754,1
kehagiat,23
Daniel Donnelly,
G Ravi,7
Ben,1
testaccount,25
algebra learner,191
River Li,
usertwentyone,141
datfq,73
Avon97,13
Jan,1
Eric Chu,59
Noah Glimcher,1
Thinh Dinh,8273
Peter James,61
Aryan Malik,59
A. Tanaka,1
Vepir,
Ellis Cooper,17
stats_noob,4095
fellowsets,43
statsyyyyyy,35
Lotta Kaven,1
William C.,977
Ishan Kashyap Hazarika,185
Dibidus,427
Bardocz Roland,139
Oisin Robinson,320
vengy,2421
DesmondMiles,2961
Timothy Faver,43
user330531,57
Joako,1945
kiongo,11
Avyaktha Achar,615
zlaaemi,1535
Bhisham,219
ummg,897
Anushka_Grace,11
Mathematics,827
Pierre.C,55
Daniel Baquero,1
kaniel.outis,1
David,1
Hal_Incandenza,147
user1317811,75
a.e,33
das_blob,63
Bumble-bee,45
maxime weill,82
M006,11
IMO2510,17
Lasting Howling,327
Math_Maven,77
nymphodor,33
cubuspl42,115
HIH,559
Alex,422
Sachin_1729,81
Mary_Smith,151
scl,53
Ryken Leyson,13
HeroZhang001,3299
Harry Richman,1358
tchappy ha,9884
Abraham83,169
Starlight,51
Joseph Johnston,315
rockybocky,11
ZAF,2744
grand_unified_forces,13
blargoner,3501
Aldo,293
Chris Wolf,11
michael tan,45
MrGran,775
studyhard,667
Igor Leitner,81
Haly,1
A.TS,5
Mr. Dev,397
edamondo,1673
アーセナル最高,1
Dair,3266
hencoll,5
Wonka Wastelander,41
Shubnam Anthony,53
Tina,1170
Jaden Ross,9
Akash,303
Nicholas Zhao,1
Ross,1324
E.Dyachenko,1
Mike Cocos,461
Bbbbbunn2023,1
K41,1660
theHigherGeometer,2610
spraff,1263
cryptomaniac,644
Asker_x2,21
aryan c,1
ruqt29,11
shark,1551
Connor,2395
DenisGerhardt,333
Lullaby Fly,1
Karthik Kannan,1600
Tiger,11
P123,213
xtempore,127
Blue2001,529
Arthur Farias Zaneti,155
Tesla Daybreak,1653
dy Deng,199
Ishan Deo,3886
Zima,4125
Simple Josh Tense,15
ripan sharma,85
吴华伟,63
Reginaldo Demarque da Rocha,346
Keith3137,419
Abdus sami sayeem,1
K. Makabre,1921
vinipenalty27,249
EarnestStudent,161
Lucas Giraldi,992
Adventitious Angles Qs Poster,1045
mkk,470
Phil,2026
Roccooi,310
Aitzaz,105
dfnu,8050
Ollie,115
Kashvi Mehta,1
Adam Wang,87
Wafflefly21,111
user1405622,29
Dashrath Gurjar,44
J D,21
Allen Proxmire,1
J175560,21
FShrike,
Mohit Jadhav,1
Marco Merolla,19
183orbco3,1965
Godofmaths,1
Erebus,27
Justin Wang,13
NTc5,1161
hs_math_enjoyer,912
Hyakutake,663
GreginGre,
young_trilobite ,33
iambadatnames,61
Dream,71
g g,2797
Chad Sexington,43
F. A. Mala,3547
ttcfy,1
Portly1418,23
mathquestions,23
newbie125,519
Florian Ingels,844
user2625389,55
Anuj Sharma,11
StormyTeacup,2200
Hermi,1017
MATTTEO,1
Malo,1295
PML,1028
MattGeo,133
ketsi,3904
Alessandro,531
Alann Rosas,6553
Saptak Ghosh,1
Lilman,91
psl2Z,5772
Diffusion,5871
chemfinal,83
Roberto Serpieri,7
o al might y,1
Damian Sowinski,265
FRIDAY OMALE,1
l-r-b,51
Namura,111
N230899,369
KHUT,23
Kenanski Bowspleefi,1456
Celine Harumi,2821
mathreadler,28497
neon,107
AdamC,39
Bell,138
Yiyj1,398
Quiriacus,51
DDD,51
StAKmod,1398
smyh247,53
StephenJ,360
Iq-n-dI,1213
HarryD,117
A.Z,375
Daniel Pietrobon,81
Tanishka,11
pratik sharma,1
kingyoon,827
Araldowsck,89
Willy,155
user1274233,829
kaboom,135
Ahmed Radwan,1
Arash,21
Charlie,31
U Nick,1
kei,31
PANAV SINGH,9
cartman,33
Andrew_Ren,1055
Skywalker,461
Ved S,11
chirag,53
algebroo,1406
ProofSeeker,1396
user1475985,25
Bruno Andrades,3910
Plantation,3710
ghc1997,2077
Luke__,294
Klajdi,11
Roba,669
Magnesium,1
Mikhail Borovoi,1358
daruma,2661
Rui Martins,95
M.Hoss,154
Shreya Jaganathan,435
PermQi,717
Kevin Du,11
qp212223,2008
Sandip Maiti,1
Matthew,31
lazar_isac,105
Furrier Transform,139
toniuyt,162
humanoferth,15
Greg,466
user791759,522
Antony,43
Steven Clontz,8773
fresh,343
Lysandre Terrisse,53
FNB,447
Fl&#246;ven,78
Ramen Nii-chan,3022
Brightsun,39
Pielcq,330
Laplace&#39;s Demon,55
user78270,4150
Mathematical Endeavors,801
Francis H.,823
d ds,950
Степан Самулевич,121
RataM&#225;gica,547
Evan Scott,123
Brian Smith,217
George Bailey,163
Sylvia,1
Math_Love_Forever,1
Jagerber48,1631
Amrut Ayan,8865
user2025n,437
Pepe Garc&#237;a,21
Zheng L.,177
Kritiker der Elche,5474
Juan Naranjo,81
Zasvitom,19
Paolo Boldi,11
Aaron Johnson,15
Veritas Vincit,125
metalder9,486
asoullikeyou,7
&#235;l&#234;tro,209
Joe,2963
Yu Ning,339
Edu,47
advocateofnone,1854
Matthew Neil Pilling,129
user267839,9293
William Wang,114
zyy,1155
Hazem Orabi,4560
New31415,59
Olivier B&#233;gassat,
IamRigour,133
Eitan Amiel,121
Awe Kumar Jha,1318
niraj panakhaniya,75
User,1564
peterh,2756
Fenrir,36
Jake B.,507
HelloEveryone,701
amit2802,450
Harsh,21
john.williams551,31
&#193;lvaro Rodrigo,819
Lai,
Padmanava,65
Cricket Charmer,63
Petro Kolosov,500
Anon,1955
Mars Plastic,4407
Doriano Brogioli,207
Jeroen van Rensen,55
Eulerian,414
Heraklit,422
mick,
daRoyalCacti,669
Ryder Mendelson,145
golden prove,7
psie,1464
Meet Patel,381
Aqacc,21
Rojj,129
Ray Andrews,281
augustoperez,3326
Legyen,41
Debalanced,1304
Pickman02,305
CoHarp,534
Makogan,3735
Tri,1513
fservantdev,117
Hath995,117
Lion Lee,21
Anthony Couthures,113
guest1,482
Tfloof,21
Suryadeep Gupta,1
Elaishaire,1
helloworld142857,151
Daniel R.S,83
Badis Kerdellou,27
Neelim Barman,1
Perry Chuh,35
Kishalay Sarkar,4238
Izam mohammed,1
orangeskid,
Alex Beek,1
Beast Incarnate,1
Narasimham,28497
FD_bfa,4732
Adefowora Oreoluwa,1
Plasma,136
Noah Schweber,
CyclotomicField,
user02138,
Saharsh kumar,50
James Moriarty,6460
Dang Dang,320
Elle,141
Andrews,4293
Yiorgos S. Smyrlis,
Kepler&#39;s Triangle,3589
Martin Sleziak,
G Tony Jacobs,
user969547,87
Ali Olaikhan,
Roddy MacPhee,1015
arbashn,742
Nishant Kalonia,569
Aravind Gundakaram,210
Pedro Machado,1
Mason,4489
Chill2Macht,
mr_e_man,5986
Didier,
zeraoulia rafik,7348
pregunton,6358
RavenclawPrefect,
Furdzik Zbignew,444
Chris Culter,
LeaderLasagne,76
Jo&#227;o Santos,1
ntessore,83
DividerOfZeroes,1
Florian F,495
Boadi Charles Alexander,1
hbghlyj,5361
Patryk Czachurski,1101
Parcly Taxel,
Sal,4867
Vahagn Poghosyan,373
Glorfindel,4000
Alma Arjuna,6521
Arkady,9727
Infiniticism,9030
Arrow,
Felipe Jacob,2516
Dedalus,4020
rahaa,149
Metis,66
Dan,
mathlander,4097
Henry,3206
Ehsaan,3317
Manfred,1
Noto_Ootori,313
IChung,361
Hussain-Alqatari,5738
JJMae,2125
reuns,
AB_IM,6888
Loren Rosen,1
Ben Blum-Smith,
spin,28497
Daniele Tampieri,
Nilotpal Sinha,
Adam Chalumeau,3333
Pantelis Tassopoulos,1070
IV_,7902
SomeStrangeUser,3133
Holden Lee,824
Not a Mathematician,1
The Art Of Repetition,2428
Bubbler,356
Blue,
Andreas,
David E Speyer,
Jakub Opršal,444
Jyrki Lahtonen,
simplequestions,695
Max Demirdilek,3278
Tito Piezas III,
YuiTo Cheng,3841
QC_QAOA,
Matheus Manzatto,3271
Thomas Browning,4541
Pratham Dushant Muni,27
Frank,2434
Ofir,6343
Felix Marin,
Abhimanyu Pallavi Sudhir,3492
green frog,3614
jmmurillo,366
user26857,
vanna,1574
Larry Freeman,
M.Ramana,2915
TheSimpliFire,
Mastrem,8789
jacopoburelli,5324
Simon Segert,5819
Keshav Srinivasan,
Peter Kagey,5438
KReiser,
Lucian,
Rushabh Mehta,
Avi Steiner,4309
Arturo Magidin,
Sammy Black,
Moko19,2663
Vera,3489
Tourbon Kitsch,2063
Dan Cunningham,309
Martin R,
Steven Alexis Gregory,
MathematicsStudent1122,1
Vladislav Kharlamov,1104
Kamal Saleh,6973
triple_sec,
mnz,401
asd,1149
videsh kumar,1
Hua,840
Simplicius,525
Michał Miśkiewicz,6198
Benjamin Dickman,
Jay Hung,191
md2perpe,
Anand,3764
Hans-Peter Stricker,
char,686
Chris Sanders,7592
Simply Beautiful Art,
Watson,
Tnol,825
Forever Mozart,9534
Thomas Baert,131
Berci,
Lili Tong,95
Hunter Batley,296
ShinyaSakai,8226
J. M. ain&#39;t a mathematician,
Henery Johnson,1
greenturtle3141,1066
JMP,517
Chris,499
David Sheard,2537
Zacky,
Mark Viola,
Chain Markov,
Ilan Aizelman WS,4166
Alex Shtoff,168
Naiche Cimarron Downey,315
Carl Schildkraut,
Adam Ledger,1260
Tony Hellmuth,1167
Szabolcs,1167
Rodrigo de Azevedo,
Moya,5473
Florian,748
Ali Taghavi,925
Asimov,3042
Robin,6201
Stefan Perko,
Anirudh,734
IceRain2024,231
Derivative,1980
humanly insane,11
FDP,
Brauer Suzuki,4425
Goldbug,1024
msm,2876
0xbadf00d,
frafour,3125
Santana Afton,6978
Kevin Yang,1
Eric Auld,
Travis Willse,
Cheong Sik Feng,414
Richard,443
Chris Grossack,
Scott Andrews,249
Arto,19
BIts,1
cwa,618
leoli1,8690
blindman,3225
Adam Higgins,2271
user160623,135
vvg,3526
Anixx,
user,
Archr,1231
M W,
Sa&#250;l RM,3625
Тyma Gaidash,
Calculix,3486
Morad,690
Vincent Preemen,708
Gerry Myerson,3486
Bob,5995
Andrew,
martin,9168
Bobson Dugnutt,
HeinrichD,2694
Abellan,3835
AnatolyVorobey,2584
rschwieb,
Gio67,
Elaqqad,
Cristian Baeza,923
Zafer Cesur,1100
David Li,21
Alexander Sokol,3256
Mark Jeronimus,214
Lee David Chung Lin,7297
EGP,1
vonbrand,
L. F.,2659
Sparkle-Lin,1061
JetfiRex,3315
GSofer,4590
quasi,
cdog,137
Dr. Mathva,9003
Dotman,326
Przemyslaw Remin,51
user1101010,3638
Mostafa Ayaz,
mucciolo,3008
Charles Baker,1264
Infinity,1120
Mastrel,1503
Negar,11
edocoh,71
Alexandre Eremenko,3683
Andrey Ryabichev,2810
Claude,5852
being_hd,3573
John Simis,251
user178979,272
temporary_user_name,713
Daniel Fischer,
Ethan Jahan,617
Julian Lee,465
Joshua Mundinger,4903
abacaba,
Daniel Cunha,1842
0WJYxW9FMN,173
HK Lee,
Olexandr Konovalov,7186
Max Lonysa Muller,7546
treble,4202
BCLC,
Artem,
Second,754
Agol,949
Alex Becker,
Davide Giraudo,
Untitled123,101
D&#225;vid Natingga,3079
Miloslav Capek,151
Demosthene,5548
amWhy,
MathematicianByMistake,5915
S.S,181
user1461922,141
Elliott,337
Oscar Lanzi,
Miles Gould,1284
Alex Ravsky,
Small Deviation,2442
Cuagga,390
Edward H,142
Zoe Allen,7939
van der Wolf,5743
138 Aspen,1
xsnl,2323
Jinyuan,240
khashayar,2413
PhoemueX,
SoG,
Dai Shuo,141
Akira,
Ren&#233; Gy,3816
BrodieBooYT,3
cansomeonehelpmeout,
1Rock,2199
Anthony,1379
supinf,
ryanriess,437
Steven Sagona,326
Herman Tulleken,3828
marco trevi,3358
Klaus,
Mathphile,2447
M. Logic,1370
Marco,2743
Enzica Labs,1
theyaoster,2130
Krzysztof Myśliwiec,221
Oliver Kayende,2106
Anton Raute,171
gj255,2960
nomadicmathematician,6309
Saaqib Mahmood,
sami.spricht.sprache,223
QCD_IS_GOOD,2459
Shuhang,704
san,
uvdose,71
Cave Johnson,4175
AmirHosein Sadeghimanesh,3895
Adrian Keister,
fosco,
wece,2932
Brian M. Scott,
Aranya Lahiri,1341
